{
  "A": 0.00043544716343268947,
  "b": 1.5884178538663138,
  "Ea_J_per_mol": 9786.123840440145,
  "s_c": {
    "1": 1.0000002876578988,
    "2": 0.6158021900352196,
    "3": 0.17824132198220732,
    "4": 0.554821219167587,
    "5": 1.5446831836934245,
    "6": 2.8354552784778893,
    "7": 0.5107920278457925,
    "8": 0.6947500712411943,
    "9": 0.9999993400213713,
    "10": 0.9999998438155093,
    "11": 0.5397685824421017,
    "12": 0.9999996071233063,
    "13": 0.5074161141053319,
    "14": 0.5233325242108314,
    "15": 0.4624750633229133,
    "16": 0.5401253365733154,
    "17": 0.9999995658513162,
    "18": 0.6748141555470414,
    "19": 0.9999999026297802,
    "20": 7.912598827884544,
    "21": 1.707214589487346,
    "22": 8.730864122003075,
    "23": 2.6880284629822633,
    "24": 19.642765409403555
  },
  "val_conditions": [
    9,
    17,
    1,
    19,
    12,
    10
  ],
  "cal_conditions": [
    2,
    3,
    4,
    5,
    6,
    7,
    8,
    11,
    13,
    14,
    15,
    16,
    18,
    20,
    21,
    22,
    23,
    24
  ]
}