traj_id,rmse,mae,eol_true,eol_pred,eol_error_cycles
T10C_cond01,0.04208806248060485,0.031176563559768885,,,
T25C_cond09,0.043967063998434565,0.03137157249048655,,,
T25C_cond10,0.03877241132273012,0.02761186453835586,,,
T25C_cond12,0.02856408899456457,0.020143059124911402,,,
T45C_cond17,0.085210537614095,0.05957780236431514,,487.0,
T60C_cond19,0.10088059309966237,0.06906647976559878,390.0,439.0,49.0
