seg,cycle,step_index,dur_s,I_mean,I_min,I_max,V_start,V_end,V_min,V_max,type
1,1,1,1680.0016,0.0,0.0,0.0,3.4595284461975098,3.465280055999756,3.4595284461975098,3.465280055999756,Rest
2,1,2,1426.5504999999998,4.593319232647236,3.259960174560547,4.8902587890625,3.9509549140930176,4.200368404388428,3.9509549140930176,4.200402736663818,Charge (CC-ish)
3,1,3,3919.0524,1.1125250984640682,0.08149909973144531,3.2600936889648438,4.226517200469971,4.400298595428467,4.226517200469971,4.400415897369385,Charge (CC-ish)
4,1,4,180.0001000000002,0.0,0.0,0.0,4.394485950469971,4.393477916717529,4.393477916717529,4.394485950469971,Rest
5,1,5,5182.323800000001,-2.2820241080390082,-2.282233238220215,-2.2817277908325195,4.231729984283447,2.9999899864196777,2.9999899864196777,4.231729984283447,Discharge (CC-ish)
6,1,6,180.0007999999998,0.0,0.0,0.0,3.2121071815490723,3.2287278175354004,3.2121071815490723,3.2287278175354004,Rest
