seg,cycle,step_index,dur_s,I_mean,I_min,I_max,V_start,V_end,V_min,V_max,type
1,1,1,1690.0027,0.0,0.0,0.0,3.460982322692871,3.466175079345703,3.460982322692871,3.466175079345703,Rest
2,1,2,1446.0106,4.537759917122977,3.2599830627441406,4.890140533447266,3.9407272338867188,4.200258255004883,3.9407272338867188,4.200301170349121,Charge (CC-ish)
3,1,3,1757.7173000000003,2.037848949432373,0.6519947052001953,3.259990692138672,4.227442741394043,4.400042533874512,4.227442741394043,4.400212287902832,Charge (CC-ish)
4,1,4,180.0015999999996,0.0,0.0,0.0,4.354768753051758,4.348843574523926,4.348843574523926,4.354768753051758,Rest
5,1,5,4942.9162,-2.2820455418076624,-2.2821035385131836,-2.281982421875,4.19133186340332,2.9999914169311523,2.9999914169311523,4.19133186340332,Discharge (CC-ish)
6,1,6,180.0015999999996,0.0,0.0,0.0,3.206327438354492,3.2235231399536133,3.206327438354492,3.2235231399536133,Rest
