seg,cycle,step_index,dur_s,I_mean,I_min,I_max,V_start,V_end,V_min,V_max,type
1,1,1,3480.0038,0.0,0.0,0.0,3.417513847351074,3.4226388931274414,3.417513847351074,3.422639846801758,Rest
2,1,2,462.5823000000005,3.682023811340332,3.259995460510254,4.026640892028809,4.200229644775391,4.20023250579834,4.200229644775391,4.200277328491211,Hold (CV-ish)
3,1,3,8934.1934,1.0195885457490619,0.08149909973144531,3.2599382400512695,4.219334602355957,4.40012264251709,4.219334602355957,4.4002790451049805,Charge (CC-ish)
4,1,4,180.0012999999999,0.0,0.0,0.0,4.3863525390625,4.383843421936035,4.383843421936035,4.3863525390625,Rest
5,1,5,1185.6725999999999,-6.51990457014604,-6.519937992095947,-6.519861698150635,3.5033016204833984,3.0,3.0,3.5247039794921875,Discharge (CC-ish)
6,1,6,180.0013999999992,0.0,0.0,0.0,3.722804069519043,3.7481937408447266,3.722804069519043,3.7481937408447266,Rest
