seg,cycle,step_index,dur_s,I_mean,I_min,I_max,V_start,V_end,V_min,V_max,type
1,1,1,0.001300000000000523,0.0,0.0,0.0,3.4882864952087402,3.4882864952087402,3.4882864952087402,3.4882864952087402,Rest
2,1,2,1499.533,4.6286614281790595,3.2599925994873047,4.890066146850586,3.905271053314209,4.2004075050354,3.905271053314209,4.200415134429932,Charge (CC-ish)
3,1,3,1634.0238000000002,2.05664176940918,0.6519794464111328,3.2601184844970703,4.229302883148193,4.400346279144287,4.229302883148193,4.400393009185791,Charge (CC-ish)
4,1,4,180.00379999999996,0.0,0.0,0.0,4.360524654388428,4.355531215667725,4.355531215667725,4.360524654388428,Rest
5,1,5,3456.8844,-3.25994561513265,-3.260054588317871,-3.2598323822021484,4.155972957611084,2.9999632835388184,2.9999632835388184,4.155972957611084,Discharge (CC-ish)
6,1,6,180.0063,0.0,0.0,0.0,3.234727382659912,3.2502999305725098,3.234727382659912,3.2502999305725098,Rest
