seg,cycle,step_index,dur_s,I_mean,I_min,I_max,V_start,V_end,V_min,V_max,type
1,1,1,3480.0018,0.0,0.0,0.0,3.4476418495178223,3.4519095420837402,3.4476418495178223,3.4519104957580566,Rest
2,1,2,0.0,3.2567195892333984,3.2567195892333984,3.2567195892333984,4.2049241065979,4.2049241065979,4.2049241065979,4.2049241065979,Hold (CV-ish)
3,1,3,9913.443899999998,1.1090688818976993,0.08149528503417969,3.260101318359375,4.135878086090088,4.39998197555542,4.135878086090088,4.400269031524658,Charge (CC-ish)
4,1,4,180.0005999999994,0.0,0.0,0.0,4.38445520401001,4.381812572479248,4.381812572479248,4.38445520401001,Rest
5,1,5,2997.8747999999996,-3.260044978215144,-3.2601966857910156,-3.259799003601074,3.804161548614502,2.999999523162842,2.999999523162842,3.804161548614502,Discharge (CC-ish)
6,1,6,180.0023000000001,0.0,0.0,0.0,3.6669106483459473,3.7029576301574707,3.6669106483459473,3.7029576301574707,Rest
