seg,cycle,step_index,dur_s,I_mean,I_min,I_max,V_start,V_end,V_min,V_max,type
1,1,1,0.000700000000000145,0.0,0.0,0.0,3.477689743041992,3.477689743041992,3.477689743041992,3.477689743041992,Rest
2,1,2,1502.2533999999998,4.627890995570591,3.2599945068359375,4.890176773071289,3.9076480865478516,4.200379371643066,3.9076480865478516,4.200401306152344,Charge (CC-ish)
3,1,3,3395.5393,1.1605202356974285,0.08149909973144531,3.2599620819091797,4.228560447692871,4.400270462036133,4.228560447692871,4.400406837463379,Charge (CC-ish)
4,1,4,180.0025000000005,0.0,0.0,0.0,4.395252227783203,4.394437789916992,4.394437789916992,4.395252227783203,Rest
5,1,5,5224.8087,-2.282111146714952,-2.2821836471557617,-2.2817983627319336,4.251932144165039,2.999971389770508,2.999971389770508,4.251932144165039,Discharge (CC-ish)
6,1,6,179.9994999999999,0.0,0.0,0.0,3.1728639602661133,3.191587448120117,3.1728639602661133,3.191587448120117,Rest
