seg,cycle,step_index,dur_s,I_mean,I_min,I_max,V_start,V_end,V_min,V_max,type
1,1,1,1680.0029,0.0,0.0,0.0,3.4640159606933594,3.4691219329833984,3.4640159606933594,3.4691219329833984,Rest
2,1,2,1441.4913999999999,4.534933090209961,3.259998321533203,4.890190124511719,3.9443044662475586,4.200394630432129,3.9443044662475586,4.200394630432129,Charge (CC-ish)
3,1,3,1754.5260000000003,2.03085458278656,0.6519985198974609,3.259946823120117,4.227809906005859,4.400308609008789,4.227809906005859,4.400400161743164,Charge (CC-ish)
4,1,4,180.0011000000004,0.0,0.0,0.0,4.354620933532715,4.348772048950195,4.348772048950195,4.354620933532715,Rest
5,1,5,1561.6909000000005,-6.519931030273438,-6.52017879486084,-6.519778251647949,3.904642105102539,2.999993324279785,2.999993324279785,3.904642105102539,Discharge (CC-ish)
6,1,6,180.0014000000001,0.0,0.0,0.0,3.586703300476074,3.626498222351074,3.586703300476074,3.626498222351074,Rest
