seg,cycle,step_index,dur_s,I_mean,I_min,I_max,V_start,V_end,V_min,V_max,type
1,1,1,3480.0028,0.0,0.0,0.0,3.405862331390381,3.4115185737609863,3.405862331390381,3.4115185737609863,Rest
2,1,2,397.2460000000001,3.665825080871582,3.2599992752075195,4.1286211013793945,4.200246334075928,4.200241565704346,4.200241565704346,4.200270175933838,Hold (CV-ish)
3,1,3,9266.6786,1.0009052783628054,0.08149909973144531,3.2600011825561523,4.22195291519165,4.400075435638428,4.22195291519165,4.400257587432861,Charge (CC-ish)
4,1,4,180.00290000000132,0.0,0.0,0.0,4.386563777923584,4.38400411605835,4.38400411605835,4.386563777923584,Rest
5,1,5,4660.770600000002,-2.282074499130249,-2.2821455001831055,-2.2820205688476562,4.002594470977783,2.999999523162842,2.999999523162842,4.002594470977783,Discharge (CC-ish)
6,1,6,180.00020000000222,0.0,0.0,0.0,3.614250659942627,3.6605420112609863,3.614250659942627,3.6605420112609863,Rest
