seg,cycle,step_index,dur_s,I_mean,I_min,I_max,V_start,V_end,V_min,V_max,type
1,1,1,3480.0019,0.0,0.0,0.0,3.409640312194824,3.414915084838867,3.409640312194824,3.4149160385131836,Rest
2,1,2,344.75930000000017,3.683117389678955,3.2599992752075195,4.0764360427856445,4.200196266174316,4.2002058029174805,4.200196266174316,4.200228691101074,Hold (CV-ish)
3,1,3,4209.321900000001,1.9095552289808118,0.6519861221313477,3.260004997253418,4.224581718444824,4.400057792663574,4.224581718444824,4.400177001953125,Charge (CC-ish)
4,1,4,180.0027000000009,0.0,0.0,0.0,4.298226356506348,4.281274795532227,4.281274795532227,4.298226356506348,Rest
5,1,5,4052.2205000000013,-2.282075119018555,-2.282162666320801,-2.2817373275756836,3.9175758361816406,3.0,3.0,3.9175758361816406,Discharge (CC-ish)
6,1,6,180.0012999999999,0.0,0.0,0.0,3.629932403564453,3.6695308685302734,3.629932403564453,3.6695308685302734,Rest
